name,school
Accounting,Olin Business School
Aerospace Engineering,McKelvey School of Engineering
African And African American Studies,Arts & Sciences
American Culture Studies,Arts & Sciences
Ancient Studies,Arts & Sciences
Anthropology,Arts & Sciences
Anthropology: Global Health Environment,Arts & Sciences
Applied Linguistics,Arts & Sciences
Applied Microeconomics,Arts & Sciences
Applied Physics & Electrical Engineering,McKelvey School of Engineering
Applied Science (Chemical Engineering),McKelvey School of Engineering
Applied Science (Computer Science),McKelvey School of Engineering
Applied Science (Electrical Engineering),McKelvey School of Engineering
Applied Science (Systems Science & Engineering),McKelvey School of Engineering
Arabic,Arts & Sciences
Archaeology,Arts & Sciences
Architectural History and Theory,Sam Fox School of Design & Visual Arts
Architecture,Sam Fox School of Design & Visual Arts
Architecture,Sam Fox School of Design & Visual Arts
Art,Sam Fox School of Design & Visual Arts
Art,Sam Fox School of Design & Visual Arts
Art History and Archaeology,Arts & Sciences
Art: Painting Concentration,Sam Fox School of Design & Visual Arts
Art: Photography Concentration,Sam Fox School of Design & Visual Arts
Art: Printmaking Concentration,Sam Fox School of Design & Visual Arts
Art: Sculpture Concentration,Sam Fox School of Design & Visual Arts
Art: Time-Based + Media Art,Sam Fox School of Design & Visual Arts
Asian American Studies,Arts & Sciences
Astrophysics,Arts & Sciences
Astrophysics and Astroparticle Physics,Arts & Sciences
Bioinformatics,Arts & Sciences
Biology,Arts & Sciences
Biology: Biochemistry,Arts & Sciences
Biology: Ecology/Evolution,Arts & Sciences
Biology: Genomics/Computation,Arts & Sciences
Biology: Microbiology,Arts & Sciences
Biology: Neuroscience,Arts & Sciences
Biomedical Data Science,McKelvey School of Engineering
Biomedical Engineering,McKelvey School of Engineering
Biomedical Physics,Arts & Sciences
Business Administration,Olin Business School
Business and Computer Science,McKelvey School of Engineering
Business of Analytics,Olin Business School
Business of the Arts,Olin Business School
Chemical Engineering,McKelvey School of Engineering
Chemistry,Arts & Sciences
Chemistry: Biochemistry Concentration,Arts & Sciences
Childrenâ€™s Studies,Arts & Sciences
Classics,Arts & Sciences
Communication Design,Sam Fox School of Design & Visual Arts
Comparative Arts,Arts & Sciences
Comparative Literature,Arts & Sciences
Computer Engineering,McKelvey School of Engineering
Computer Science,McKelvey School of Engineering
Computer Science + Economics,McKelvey School of Engineering
Computer Science + Mathematics,Arts & Sciences
Creative Practice for Social Change,Sam Fox School of Design & Visual Arts
Dance,Arts & Sciences
Data Science,Arts & Sciences
Data Science in the Humanities,Arts & Sciences
Design,Sam Fox School of Design & Visual Arts
Design,Sam Fox School of Design & Visual Arts
Design: Communication Concentration,Sam Fox School of Design & Visual Arts
Design: Fashion Concentration,Sam Fox School of Design & Visual Arts
Drama,Arts & Sciences
Earth & Planetary Sciences: Environmental Earth Sciences,Arts & Sciences
Earth & Planetary Sciences: Geochemistry,Arts & Sciences
Earth & Planetary Sciences: Geology,Arts & Sciences
Earth & Planetary Sciences: Geophysics,Arts & Sciences
Earth and Planetary Sciences,Arts & Sciences
East Asian Languages & Cultures,Arts & Sciences
Economics,Arts & Sciences
Economics and Computer Science,Arts & Sciences
Economics and Strategy,Olin Business School
Educational Studies,Arts & Sciences
Electrical Engineering,McKelvey School of Engineering
Elementary Education,Arts & Sciences
Energy Engineering,McKelvey School of Engineering
English,Arts & Sciences
English Literature,Arts & Sciences
English Literature: Creative Writing Focus,Arts & Sciences
Entrepreneurship,Olin Business School
Environmental Analysis,Arts & Sciences
Environmental Biology,Arts & Sciences
Environmental Engineering,McKelvey School of Engineering
Environmental Engineering Science,McKelvey School of Engineering
Environmental Policy,Arts & Sciences
Fashion Design,Sam Fox School of Design & Visual Arts
Film and Media Studies,Arts & Sciences
Finance,Olin Business School
French,Arts & Sciences
General Business,Olin Business School
General Economics,Arts & Sciences
German,Arts & Sciences
Germanic Languages & Literatures,Arts & Sciences
Global Film and Media Studies,Arts & Sciences
Global Studies / Development,Arts & Sciences
Global Studies / Eurasian,Arts & Sciences
Global Studies / European,Arts & Sciences
Global Studies / International Affairs,Arts & Sciences
Global Studies/ Global Cultural Studies,Arts & Sciences
Healthcare Management,Olin Business School
Hebrew,Arts & Sciences
History,Arts & Sciences
Human-Computer Interaction,McKelvey School of Engineering
Interdisciplinary Project in the Humanities,Arts & Sciences
International Business,Olin Business School
Italian,Arts & Sciences
Jazz Studies,Arts & Sciences
"Jewish, Islamic and Middle Eastern Studies",Arts & Sciences
Landscape Architecture,Sam Fox School of Design & Visual Arts
Latin American Studies,Arts & Sciences
Leadership,Olin Business School
Legal Studies,Arts & Sciences
Linguistics,Arts & Sciences
Managerial Economics,Olin Business School
Marketing,Olin Business School
Materials Science and Engineering,McKelvey School of Engineering
Mathematics,Arts & Sciences
Mathematics and Economics,Arts & Sciences
Mechanical Engineering,McKelvey School of Engineering
Mechatronics,McKelvey School of Engineering
Medical Humanities,Arts & Sciences
Medieval & Renaissance Studies,Arts & Sciences
Middle School Education,Arts & Sciences
Music,Arts & Sciences
Nanoscale Science and Engineering,McKelvey School of Engineering
Operations & Supply Chain Management,Olin Business School
Organization and Strategic Management,Olin Business School
Philosophy,Arts & Sciences
Philosophy-Neuroscience-Psychology,Arts & Sciences
Philosophy-Neuroscience-Psychology: Cognitive Neuroscience,Arts & Sciences
"Philosophy-Neuroscience-Psychology: Language, Cognition & Culture",Arts & Sciences
Philosophy: Law and Policy,Arts & Sciences
Philosophy: Philosophy Of Science,Arts & Sciences
Philosophy: Research Focus,Arts & Sciences
Physics,Arts & Sciences
Political Science,Arts & Sciences
Psychological & Brain Sciences,Arts & Sciences
Psychology & Brain Sciences: Cognitive Neuroscience,Arts & Sciences
Quantum Engineering,McKelvey School of Engineering
Religion And Politics,Arts & Sciences
Religious Studies,Arts & Sciences
Robotics,McKelvey School of Engineering
Romance Languages and Literatures,Arts & Sciences
Russian Language and Literature,Arts & Sciences
Secondary Education,Arts & Sciences
Sociology,Arts & Sciences
South Asian Language and Civilization,Arts & Sciences
Spanish,Arts & Sciences
Speech and Hearing Sciences,Arts & Sciences
Strategy,Olin Business School
Systems Science and Engineering,McKelvey School of Engineering
Text and Tradition,Arts & Sciences
The Business of Entertainment,Olin Business School
The Business of Social Impact,Olin Business School
The Business of Sports,Olin Business School
Urban Design,Sam Fox School of Design & Visual Arts
Urban Studies,Arts & Sciences
"Women, Gender and Sexuality Studies",Arts & Sciences
"World Music, Dance and Theater",Arts & Sciences
Writing,Arts & Sciences
